<?xml version="1.0" encoding="UTF-8"?><ef:spooler xmlns:ef="http://www.enginframe.com/2000/EnginFrame" server="${EF_SPOOLER_DIR}" ttl="-1">
    <ef:service id="interactive_50fe99de16164af896911c3d2fe4b96a">
        <ef:info hidden="true" id="sm_service_js">
            <script type="text/javascript">
                <xi:include xmlns:xi="http://www.w3.org/2001/XInclude" href="js/service.js" parse="text"/>
            </script>
        </ef:info>
        <ef:info hidden="true" id="sm_service_css">
            <style media="screen" type="text/css">
                <xi:include xmlns:xi="http://www.w3.org/2001/XInclude" href="css/service.css" parse="text"/>
            </style>
        </ef:info>
        <ef:name>Linux Desktop</ef:name>
        <ef:option class="ef-srv-opt-dynamic-list" id="instance_queue" label="Instance type:" multi="false" type="list">
        <ef:embed id="batch_6a37a8f94b0e4f90a6492ce077e5ea69.published">
            <ef:with-option/>
        </ef:embed>
    </ef:option>
        <ef:metadata attribute="SM_SERVICE_ID">interactive_50fe99de16164af896911c3d2fe4b96a</ef:metadata>
        <ef:metadata attribute="SM_SERVICE_TYPE">interactive</ef:metadata>
        <ef:metadata attribute="SM_SERVICE_NAME">Linux Desktop</ef:metadata>
        <ef:metadata attribute="SM_SERVICE_AUTHOR">ec2-user</ef:metadata>
        <ef:metadata attribute="SM_SERVICE_CREATION_TIME">2022-11-22T09:44:28Z</ef:metadata>
        <ef:metadata attribute="SM_SERVICE_LAST_MODIFIED_BY">ec2-user</ef:metadata>
        <ef:metadata attribute="SM_SERVICE_LAST_MODIFIED_TIME">2022-11-22T10:14:59Z</ef:metadata>
        <ef:metadata attribute="SM_SERVICE_VISIBILITY">true</ef:metadata>
        <ef:metadata attribute="EF_SERVICEPROFILE_ENABLE">false</ef:metadata>
        <ef:metadata attribute="EF_SERVICE_RESUBMIT_ENABLE">false</ef:metadata>
        <ef:metadata attribute="EF_SERVICE_RESUBMIT_REUSE_SPOOLER">false</ef:metadata>
        <ef:metadata attribute="EF_SERVICE_RESUBMIT_RESET_SPOOLER_TTL">false</ef:metadata>
        <ef:metadata attribute="VDI_OS">linux</ef:metadata>
        <ef:metadata attribute="VDI_REMOTE">dcv2</ef:metadata>
        <ef:metadata attribute="VDI_CLUSTER">hpc-1click-test-24012:slurm</ef:metadata>
        <ef:metadata attribute="VDI_DESKTOP_MANAGER">userdefault</ef:metadata>
        <ef:metadata attribute="SM_FILE_ACTION">enabled:false;option-id:;file-filter:;label:;service-execution:output;</ef:metadata>
        <ef:metadata attribute="SM_EF_VERSION">2021.0-r1657</ef:metadata>
        <ef:action id="submit" label="Launch Session" load-conf="${EF_DATA_ROOT}/plugins/applications/services/catalog/interactive/interactive_50fe99de16164af896911c3d2fe4b96a/conf/service.efconf" output-mode="normal" result="text/xml">
        PATH="${EF_ROOT}/plugins/vdi/bin:${PATH}"
        export PATH
        "${SM_CATALOG_INTERACTIVE}/${SM_SERVICE_ID}/bin/action-script.sh"
    </ef:action>
    </ef:service>
</ef:spooler>
