<?xml version="1.0" encoding="UTF-8"?><ef:spooler xmlns:ef="http://www.enginframe.com/2000/EnginFrame" server="${EF_SPOOLER_DIR}" ttl="-1">
    <ef:service class="session-launcher linux-session-launcher" id="interactive_6d27fad7bcd74eaa8c8ecb2e3b88e2d1">
        <ef:info hidden="true" id="sm_service_js">
            <script type="text/javascript">
                <xi:include xmlns:xi="http://www.w3.org/2001/XInclude" href="js/service.js" parse="text"/>
            </script>
        </ef:info>
        <ef:info hidden="true" id="sm_service_css">
            <style media="screen" type="text/css">
                <xi:include xmlns:xi="http://www.w3.org/2001/XInclude" href="css/service.css" parse="text"/>
            </style>
        </ef:info>
        <ef:name>Linux Desktop (no GPU)</ef:name>
        <ef:metadata attribute="SM_SERVICE_NAME">Linux Desktop (no GPU)</ef:metadata>
        <ef:metadata attribute="SM_SERVICE_VISIBILITY">true</ef:metadata>
        <ef:metadata attribute="SM_SERVICE_EMBEDDABLE">false</ef:metadata>
        <ef:metadata attribute="SM_SERVICE_ID">interactive_6d27fad7bcd74eaa8c8ecb2e3b88e2d1</ef:metadata>
        <ef:metadata attribute="SM_SERVICE_TYPE">interactive</ef:metadata>
        <ef:metadata attribute="SM_SERVICE_AUTHOR">ec2-user</ef:metadata>
        <ef:metadata attribute="SM_SERVICE_LAST_MODIFIED_BY">ec2-user</ef:metadata>
        <ef:metadata attribute="SM_SERVICE_CREATION_TIME">2022-11-10T15:26:30Z</ef:metadata>
        <ef:metadata attribute="SM_SERVICE_LAST_MODIFIED_TIME">2022-11-10T15:33:37Z</ef:metadata>
        <ef:metadata attribute="EF_SERVICEPROFILE_ENABLE">false</ef:metadata>
        <ef:metadata attribute="EF_SERVICE_RESUBMIT_ENABLE">false</ef:metadata>
        <ef:metadata attribute="EF_SERVICE_RESUBMIT_REUSE_SPOOLER">false</ef:metadata>
        <ef:metadata attribute="EF_SERVICE_RESUBMIT_RESET_SPOOLER_TTL">false</ef:metadata>
        <ef:metadata attribute="INTERACTIVE_CLASS">LinuxDesktop</ef:metadata>
        <ef:metadata attribute="INTERACTIVE_MAX_SESSIONS">1</ef:metadata>
        <ef:metadata attribute="VDI_OS">linux</ef:metadata>
        <ef:metadata attribute="VDI_REMOTE">dcv2</ef:metadata>
        <ef:metadata attribute="VDI_CLUSTER">hpc-1click-test-14899:slurm</ef:metadata>
        <ef:metadata attribute="VDI_DESKTOP_MANAGER">userdefault</ef:metadata>
        <ef:metadata attribute="SM_FILE_ACTION">enabled:false;option-id:;file-filter:;label:;service-execution:output;</ef:metadata>
        <ef:metadata attribute="SM_EF_VERSION">2021.0-r1657</ef:metadata>
        <ef:action id="submit" label="Launch Session" load-conf="${EF_DATA_ROOT}/plugins/applications/services/catalog/interactive/interactive_6d27fad7bcd74eaa8c8ecb2e3b88e2d1/conf/service.efconf" output-mode="normal" result="text/xml">
        PATH="${EF_ROOT}/plugins/vdi/bin:${PATH}"
        export PATH
        "${SM_CATALOG_INTERACTIVE}/${SM_SERVICE_ID}/bin/action-script.sh"
      </ef:action>
    </ef:service>
</ef:spooler>
