<?xml version="1.0" encoding="UTF-8"?><ef:spooler xmlns:ef="http://www.enginframe.com/2000/EnginFrame" server="${EF_SPOOLER_DIR}" ttl="-1">
    <ef:service id="batch_6a37a8f94b0e4f90a6492ce077e5ea69">
        <ef:info hidden="true" id="sm_service_js">
            <script type="text/javascript">
                <xi:include xmlns:xi="http://www.w3.org/2001/XInclude" href="js/service.js" parse="text"/>
            </script>
        </ef:info>
        <ef:info hidden="true" id="sm_service_css">
            <style media="screen" type="text/css">
                <xi:include xmlns:xi="http://www.w3.org/2001/XInclude" href="css/service.css" parse="text"/>
            </style>
        </ef:info>
        <ef:name>dcv_instance_type</ef:name>
        <ef:metadata attribute="SM_SERVICE_ID">batch_6a37a8f94b0e4f90a6492ce077e5ea69</ef:metadata>
        <ef:metadata attribute="SM_SERVICE_TYPE">batch</ef:metadata>
        <ef:metadata attribute="SM_SERVICE_NAME">dcv_instance_type</ef:metadata>
        <ef:metadata attribute="SM_SERVICE_AUTHOR">ec2-user</ef:metadata>
        <ef:metadata attribute="SM_SERVICE_CREATION_TIME">2021-01-22T10:30:14Z</ef:metadata>
        <ef:metadata attribute="SM_SERVICE_LAST_MODIFIED_BY">ec2-user</ef:metadata>
        <ef:metadata attribute="SM_SERVICE_LAST_MODIFIED_TIME">2022-11-22T10:04:52Z</ef:metadata>
        <ef:metadata attribute="SM_SERVICE_VISIBILITY">false</ef:metadata>
        <ef:metadata attribute="SM_SERVICE_EMBEDDABLE">true</ef:metadata>
        <ef:metadata attribute="EF_SERVICEPROFILE_ENABLE">false</ef:metadata>
        <ef:metadata attribute="EF_SERVICE_RESUBMIT_ENABLE">false</ef:metadata>
        <ef:metadata attribute="EF_SERVICE_RESUBMIT_REUSE_SPOOLER">false</ef:metadata>
        <ef:metadata attribute="EF_SERVICE_RESUBMIT_RESET_SPOOLER_TTL">false</ef:metadata>
        <ef:metadata attribute="SM_FILE_ACTION">enabled:false;option-id:;file-filter:;label:;service-execution:output;</ef:metadata>
        <ef:metadata attribute="SM_EF_VERSION">2021.0-r1657</ef:metadata>
        <ef:action id="submit" label="Submit" load-conf="${EF_DATA_ROOT}/plugins/applications/services/catalog/batch/batch_6a37a8f94b0e4f90a6492ce077e5ea69/conf/service.efconf" output-mode="normal" result="text/xml">
        PATH="${EF_ROOT}/plugins/applications/bin:${PATH}"
        export PATH
        "${SM_CATALOG_BATCH}/${SM_SERVICE_ID}/bin/action-script.sh"
    </ef:action>
    </ef:service>
</ef:spooler>
